group,238
more,208
course,190
would,187
time,185
work,165
very,113
my,108
content,74
fintech,73
am,65
people,64
business,63
different,60
think,58
much,56
you,56
one,55
assignments,55
module,54
team,51
good,50
like,50
programme,49
should,49
about,48
great,46
lot,45
learning,45
feedback,44
difficult,44
material,43
get,43
working,43
each,41
project,41
assignment,40
videos,40
how,40
up,40
program,39
most,37
feel,37
through,36
really,36
when,35
will,35
experience,34
other,34
only,34
bit,33
better,33
well,33
given,33
part,32
it's,31
rather,31
me,31
members,31
groups,31
into,30
modules,30
course.,29
focus,28
work.,26
online,26
around,26
need,25
innovation,25
little,25
understand,25
every,24
find,24
make,24
based,24
less,23
see,23
out,22
submission,22
such,22
may,21
don't,21
together,21
far,21
way,21
technical,21
between,20
overall,20
new,20
however,20
/,20
your,19
learn,19
idea,19
depth,19
live,19
expected,19
participants,19
weekly,18
materials,18
quite,18
across,18
full,18
individual,18
video,17
"however,",17
does,17
industry,17
two,17
helpful,17
many,17
i'm,17
first,17
having,16
doing,16
information,16
found,16
before,16
real,16
getting,16
collaboration,16
those,16
makes,16
while,16
plan,16
value,16
same,16
due,16
might,16
4,15
students,15
done,15
programme.,15
perhaps,15
without,15
being,15
day,15
"course,",15
take,15
excellent,15
though,15
roadmap,15
know,15
complete,14
structure,14
reading,14
thought,14
grading,14
say,14
technology,14
clear,14
meet,14
provided,14
oxford,14
any,14
zones,14
notes,14
option,14
2,13
provide,13
maybe,13
own,13
study,13
job,13
able,13
few,13
best,13
then,13
aspects,13
did,13
over,13
made,13
almost,13
help,13
seems,13
valuable,12
give,12
expect,12
interesting,12
assignment.,12
3,12
process,12
read,12
even,12
extremely,12
platform,12
?,12
especially,12
takes,12
something,12
ideas,12
needs,12
believe,12
cannot,12
enough,12
market,12
discussion,12
hard,12
areas,11
questions,11
additional,11
emphasis,11
point,11
i've,11
short,11
access,11
focused,11
feels,11
cover,11
spend,11
enjoy,11
understanding,11
add,11
projects,11
submissions,11
knowledge,11
financial,11
appreciate,11
material.,11
end,10
quality,10
actually,10
assignments.,10
person,10
comments,10
fintech.,10
key,10
times,10
pitch,10
subject,10
use,10
insights,10
"good,",10
useful,10
want,10
everyone,10
level,10
within,10
next,10
future,10
trying,10
put,10
it.,10
case,10
actual,10
challenging,10
tutor,10
number,10
frustrating,10
amount,10
research,10
content.,10
similar,10
topic,9
links,9
didn't,9
enjoyed,9
academic,9
previous,9
blockchain,9
after,9
structured,9
5,9
sure,9
"work,",9
individuals,9
high,9
issue,9
question,9
down,9
via,9
conferencing,9
limited,9
global,9
6,9
etc.,9
sometimes,9
always,9
instead,9
1.,9
experts,9
required,9
topics,9
technologies,9
yet,9
specific,9
spent,9
going,9
far.,9
prefer,9
"also,",9
multiple,8
create,8
current,8
hours,8
often,8
thinking,8
putting,8
days,8
forums,8
terms,8
effort,8
now,8
why,8
tutors,8
disappointed,8
timezone,8
signed,8
details,8
large,8
time.,8
since,8
various,8
workload,8
impossible,8
considering,8
zone,8
available,8
submit,8
set,8
personal,8
particularly,8
written,8
"members,",8
involved,7
comes,7
explore,7
benefit,7
commitment,7
certainly,7
lack,7
schedule,7
download,7
program.,7
felt,7
keep,7
forum,7
happy,7
2.,7
least,7
making,7
experience.,7
start,7
easy,7
well.,7
finding,7
easier,7
submissions.,7
general,7
choice,7
fact,7
received,7
earlier,7
during,7
isn't,7
means,7
coming,7
"videos,",7
difference,7
learnt,7
using,7
allow,7
engagement,7
seem,7
try,7
opportunity,7
approach,7
graded,7
effectively,7
me.,7
contribute,7
interactive,7
interest,7
support,7
learned,7
last,7
stream,7
thank,7
suggest,7
heavy,7
external,7
e.g.,7
professors,7
liked,7
provides,7
met,7
"time,",7
taking,7
expectations,7
videos.,7
interaction,6
tools,6
it?s,6
haven't,6
busy,6
"overall,",6
plus,6
sessions,6
probably,6
whole,6
developing,6
levels,6
particular,6
second,6
everything,6
once,6
follow,6
ability,6
following,6
examples,6
fantastic,6
deeper,6
relevant,6
possible,6
issues,6
model,6
still,6
early,6
1,6
per,6
7,6
started,6
helpful.,6
back,6
challenge,6
calls,6
direct,6
challenging.,6
concepts,6
10,6
professional,6
guidance,6
wanted,6
discussions,6
module.,6
deep,6
in-depth,6
"material,",6
exercises,6
networking,6
review,6
area,6
coordinate,6
world,6
open,6
world.,6
took,6
matter,6
anything,6
consider,6
hoping,6
20,6
teams,6
manage,6
require,6
mobile,6
whilst,6
apply,5
app,5
please,5
expecting,5
love,5
grouping,5
adds,5
experiences,5
collaborate,5
flexibility,5
that's,5
reason,5
view,5
communicate,5
management,5
"team,",5
along,5
grade,5
including,5
efficient,5
used,5
must,5
generally,5
entire,5
top,5
input,5
look,5
asked,5
personally,5
spread,5
product,5
communication,5
away,5
"idea,",5
face,5
nice,5
professionals,5
dynamics,5
chosen,5
overview,5
further,5
guess,5
comment,5
diverse,5
cost,5
hope,5
lot.,5
aspect,5
towards,5
planning,5
detail,5
risk,5
share,5
skills,5
run,5
strategy,5
right,5
ensure,5
"great,",5
completely,5
left,5
already,5
i'd,5
.,5
(i,5
works,5
here,5
again,5
space,5
track,5
intensive,5
positive,5
couple,5
interviews,5
advice,5
majority,5
"addition,",5
balance,5
success,5
shared,5
conference,5
available.,5
engage,5
enjoying,5
together.,5
longer,5
class,5
opinion,5
system,5
articles,5
someone,5
parts,5
myself,5
certain,5
chose,5
uk,5
requires,5
week's,4
greater,4
tutors.,4
challenges,4
pressure,4
existing,4
achieve,4
completing,4
demanding,4
lectures,4
released,4
6.,4
knowledge.,4
skill,4
assessment,4
test,4
trends,4
likely,4
slightly,4
money,4
seen,4
formation,4
can't,4
proven,4
several,4
thus,4
delivery,4
pretty,4
word,4
travel,4
getsmarter,4
submitting,4
creating,4
giving,4
prior,4
mod,4
excellent.,4
tool,4
finish,4
regardless,4
feedback.,4
harvard,4
vast,4
below,4
three,4
timezones,4
mates,4
fellow,4
core,4
"me,",4
devoted,4
highly,4
asking,4
"zones,",4
full-time,4
regards,4
significant,4
themselves,4
"experience,",4
information.,4
analysis,4
activity,4
required.,4
related,4
"materials,",4
beginning,4
effective,4
members.,4
show,4
marks,4
building,4
one's,4
rate,4
side,4
"assignments,",4
tasks,4
&,4
combination,4
form,4
years,4
"far,",4
covered,4
member,4
results,4
student,4
above,4
coordination,4
collaborative,4
insight,4
ways,4
mba,4
develop,4
type,4
lots,4
"group,",4
"content,",4
looking,4
added,4
improve,4
entrepreneurial,4
n/a,4
base,4
sufficient,4
entirely,4
great.,4
learning.,4
preferred,4
surprised,4
youtube,4
coursework,4
significantly,4
placed,4
good.,4
under,4
detailed,4
modules.,4
forward,4
all.,4
come,4
differences,4
communicated,4
teaching,4
variety,4
managed,4
points,4
until,4
answer,4
include,4
others,4
"people,",4
small,4
"module,",4
another,4
main,4
improved,4
pace,4
suitable,4
forced,4
feeling,4
introduction,4
interested,4
framework,4
corporate,4
common,4
broader,4
superficial,4
idea.,4
(which,4
cultural,4
concentrate,4
them.,4
i.e.,4
topics.,4
gets,4
poorly,3
"modules,",3
focuses,3
"3,",3
criteria,3
original,3
anticipated.,3
today,3
journey,3
talking,3
stream.,3
gives,3
present,3
process.,3
hand,3
path,3
created,3
too.,3
true,3
session.,3
commitments.,3
fully,3
timezones.,3
behind,3
understanding.,3
resources.,3
wished,3
colleagues,3
responses,3
important,3
expected.,3
encourages,3
platform.,3
preparing,3
call,3
outcome,3
taken,3
navigate,3
format,3
enjoyable,3
style,3
transcript,3
otherwise,3
practical,3
final,3
bring,3
separate,3
"way,",3
thanks,3
itself.,3
text,3
either,3
discussed,3
happening,3
readings,3
posts,3
thing,3
subjects,3
"assignment,",3
head,3
web,3
never,3
"this,",3
alternative,3
advertised,3
tight,3
break,3
phone,3
allocation,3
sharing,3
solution,3
user,3
conversations,3
random,3
convenient,3
organised,3
"say,",3
motivation,3
ideas.,3
classmates,3
senior,3
th,3
document,3
possible.,3
throw,3
doesn?t,3
deadlines,3
example,3
"fintech,",3
esp,3
players,3
changing,3
recommend,3
enriching,3
ai,3
potential,3
"blockchain,",3
"technologies,",3
team.,3
guidelines,3
references,3
cohort,3
opening,3
selection,3
instructions,3
therefore,3
throughout,3
recommended,3
wish,3
everybody,3
tried,3
mini,3
stay,3
deliver,3
agree,3
worth,3
studies,3
(i.e.,3
8,3
groups.,3
models,3
zone.,3
expectations.,3
method,3
group.,3
join,3
beyond,3
surpassed,3
cybersecurity,3
life,3
"ideas,",3
"analysis,",3
amazing,3
week.,3
course!,3
cyber,3
active,3
transcripts,3
build,3
consuming,3
reduce,3
(even,3
purpose,3
channels,3
appropriate,3
attention,3
travelling,3
units,3
banking,3
carry,3
participation,3
post,3
length,3
speakers,3
requirements,3
sufficiently,3
extend,3
releasing,3
difficulties,3
focusing,3
response,3
design,3
become,3
sense,3
on.,3
handle,3
covers,3
opposed,3
developments,3
technological,3
providing,3
"excellent,",3
lead,3
becoming,3
meant,3
clearly,3
"section,",3
zones.,3
assured,3
got,3
improved.,3
disappointing.,3
identifying,3
scored,3
mostly,3
flexible,3
"timezones,",3
single,3
david,3
development,3
(the,3
bad,3
disappointing,3
syndicate,3
"small,",3
opinions,3
discuss,3
jobs,3
students.,3
gain,3
allowing,3
job.,3
coordinating,3
incorporate,3
opportunities,3
"submission,",3
relying,3
count,3
ir,3
messages,3
offer,3
"grade,",3
schedule.,3
12,3
quiz,3
availability,3
entrepreneur,3
tech,3
start-up,3
weekend,3
"project,",3
launching,3
explanation,3
mix,3
worked,3
allocated,3
tangible,3
till,3
3.,3
"feedback,",3
practically,3
finance,3
organisation,3
he,3
status,3
up.,3
struggling,3
"useful,",3
methods,3
"with,",3
date,3
off,3
"others,",3
except,3
oxford.,3
expectation,3
themes,2
wasted,2
assessments,2
message,2
row,2
timing,2
reduced.,2
done.,2
"professionals,",2
honestly,2
background,2
effect,2
front,2
applications,2
motivate,2
thoroughly,2
"hi,",2
intro,2
constructive,2
honest,2
melbourne,2
meetings,2
setting,2
interviews.,2
"point,",2
"roadmap,",2
amounts,2
extraneous,2
respond,2
against,2
segments,2
"knowledge,",2
"sector,",2
4.,2
dedicated,2
strategic,2
quick,2
manner.,2
deadline,2
impressed,2
spends,2
nothing,2
intense,2
(in,2
managing,2
screen,2
paying,2
expectation.,2
year,2
development.,2
"unfortunately,",2
finished,2
wed,2
paid,2
strongly,2
experienced,2
walks,2
deadlines.,2
weekend.,2
proved,2
logistics,2
pitching.,2
everything.,2
presentations,2
locations,2
compared,2
release,2
challenge.,2
reflect,2
through.,2
collaborating,2
thursday,2
"proposition,",2
analysis.,2
"asia,",2
round.,2
matrix,2
this.,2
one-week,2
exploring,2
"trends,",2
advantages,2
instant,2
others.,2
commitments,2
loaded,2
constantly,2
asia,2
clearer,2
accurate,2
"format,",2
correct,2
fewer,2
vastly,2
understated,2
ok,2
"groups,",2
curriculum,2
broken,2
positively,2
nature,2
describe,2
input.,2
portal,2
extension,2
pilot,2
hit,2
sources,2
views,2
angles,2
much.,2
list,2
poor,2
individual.,2
mechanism,2
"world,",2
"technology,",2
prove,2
indeed,2
repetition.,2
remove,2
"""like""",2
title,2
fault,2
valuable.,2
resources,2
can?t,2
local,2
minor,2
growth,2
tag,2
uploading,2
pleased,2
mention,2
approach.,2
consideration.,2
lightly,2
activities,2
half,2
discussing,2
led,2
moving,2
situation,2
school,2
encouragement,2
sake,2
average,2
executives,2
faced,2
lacks,2
place,2
room,2
submission.,2
assigned,2
reviewing,2
this:,2
geographic,2
mark,2
masterpass,2
robust,2
complex,2
fit,2
(e.g.,2
out.,2
minute,2
info,2
expected.the,2
invaluable,2
source,2
wasn't,2
listen,2
leaders,2
words,2
happens,2
nir,2
tend,2
?etc.,2
statements.,2
"applepay,",2
thankful,2
industries,2
friendly,2
requiring,2
tutor.,2
greatly,2
google,2
"wallet,",2
scheduled,2
occasionally,2
directions,2
improvement,2
useful.,2
focused.,2
respect,2
inclusion,2
smart,2
pay,2
contract,2
go.,2
rich,2
touched,2
"text,",2
invest,2
extent,2
helped,2
education,2
"tutors,",2
entrepreneurs,2
change,2
let,2
data,2
audio,2
move,2
organising,2
advantage,2
dive,2
into.,2
soon,2
cant,2
writing,2
goes,2
expand,2
self,2
dependent,2
meeting,2
i.e,2
state,2
"contributed,",2
"note,",2
purposes,2
bringing,2
extensive,2
organise,2
deal,2
encourage,2
invested,2
",",2
partner,2
slack,2
watch,2
financials,2
degree,2
absolute,2
possibility,2
"programme,",2
distributed,2
community,2
watching,2
included,2
leave,2
hence,2
be.,2
data.,2
exactly,2
recording,2
"additionally,",2
pulled,2
internet.,2
innovative,2
"think,",2
facts,2
rigorous,2
telegram,2
"level,",2
connection,2
retail,2
offered,2
chance,2
unfortunately,2
timeframe,2
applicable,2
participant,2
extending,2
forums.,2
off.,2
interacting,2
contribution,2
regulatory,2
there's,2
sector,2
tyron,2
somewhat,2
"product,",2
absorb,2
customer,2
space.,2
faculty,2
impact,2
unable,2
low,2
"structure,",2
improvement.,2
"told,",2
badly,2
lives,2
doesn't,2
home,2
estimated,2
contribute.,2
university,2
late,2
living,2
updated.,2
"jobs,",2
fine,2
enrolled,2
consistent,2
channel,2
"notes,",2
finch,2
country,2
"high,",2
changes,2
equally,2
project.,2
frustration.,2
exceeded,2
reference,2
estimates.,2
joined,2
largely,2
positive.,2
re,2
different.,2
backgrounds,2
component,2
enthusiastic,2
practicalities,2
proud,2
difficult.,2
for.,2
allows,2
satisfied,2
concept,2
align,2
technologies.,2
planning.,2
you.,2
scoring,2
knowing,2
b),2
investing,2
direction,2
mean,2
strong,2
"program,",2
spending,2
period,2
usually,2
select,2
bit.,2
"coordinator,",2
establish,2
reduced,2
transparency,2
5.,2
leaves,2
wednesday,2
wouldn't,2
restrictive,2
upcoming,2
work;,2
composition,2
waste,2
dubai,2
speak,2
completed,2
matched,2
expert,2
easily,2
document.,2
"it,",2
segment,2
applied,2
attempt,2
collective,2
"problem,",2
alone,2
barely,2
jobs.,2
assigments,2
becomes,2
assess,2
executives.,2
more.,2
wait,2
fairly,2
"life,",2
"ten,",2
contact,2
mentioned,2
submitted,2
"business,",2
result,2
breaks,2
slow,2
"lot,",2
mid,2
navigation,2
talk,2
mind,2
aspects.,2
function,2
platforms,2
isn?t,2
"deadlines,",2
happen,2
insightful,2
deeply,2
selected,2
learned.,2
hear,2
inspiring,2
loose,2
"call,",2
(,2
repetitive.,2
workers,2
presented,2
interests,2
repetitive,2
adding,2
linked,2
tailored,2
touch,2
sort,2
globe,2
simply,2
notice,2
concrete,2
criticism,2
roadmap.,2
calendar,2
better.,2
profiling,2
etc,2
big,2
studying,2
1),2
higher,2
targets,2
imagine,2
confusing,2
we're,2
suggested,2
clear.,2
guiding,2
aligned,2
realistic.,2
us.,2
cases,2
struggle,2
future.,2
seeing,2
what's,2
documents,2
sections,2
linkedin,2
sessions.,2
proportion,2
old,2
turnaround,2
driving,2
itself,2
turned,2
focussed,2
clips,2
speaking,2
motivated,2
hours.,2
helps,2
timings,2
grades.,2
quickly,2
appreciated,2
impression,2
deliverable,2
quality.,2
coordinators,2
highest,2
innovation.,2
'out,2
educate,2
impacted,2
themselves.,2
series,2
interactions,2
reasons,2
language,2
adjust,2
hasn't,2
exciting,2
write,2
60%,2
technicalities,2
2-3,2
changed,2
ask,2
internet,2
target,2
exposure,2
necessarily,2
connecting,2
weren't,2
session,2
massive,2
contributed,2
campus,2
teammates,2
crypto,2
wide,2
interact,2
"yet,",2
(but,2
lecture,2
pitches,2
enough.,2
sat,2
minimum,2
account,2
heavily,2
hour,2
night,2
peers,2
whats,2
"app,",2
forward.,2
willing,2
participating,2
met.,2
progress,2
simple,2
unit,2
working.,2
family,2
'not,2
module's,2
overcome,2
end.,2
truly,2
leading,2
edge,2
professionals.,2
entry,2
payment,2
texts,2
section,2
executive,2
fast,2
underlying,2
with.,2
theme,2
specifically.,2
"and,",2
"demanding,",2
590,1
covers.,1
components,1
detract,1
logic,1
scarce,1
continues,1
"parallel,",1
diverted,1
me)the,1
better....but,1
exists,1
theories,1
handed,1
theory,1
"missing,",1
notes.,1
topic.,1
follow-up,1
material'),1
'additional,1
save,1
instance;,1
presented.,1
"scarce,",1
i'll,1
reading/videos,1
module.from,1
explain.there,1
"perspective,",1
waiting,1
say;,1
yet.,1
qualifier.,1
loaded.,1
qualifier:,1
preceded,1
met',1
in.,1
met....the,1
"exceeded,",1
choices:,1
"2,",1
sector.,1
channelled,1
centralises,1
"studying,",1
yourself.,1
80%,1
"availability,",1
"commitment,",1
"timing,",1
match,1
hearing,1
contibuted,1
event,1
"sooner,",1
subjective.,1
"4,",1
"granted,",1
(7),1
disconnection,1
"does),",1
overpowering,1
ecosystem,1
architecture,1
"surpassed,",1
applications.early,1
forcing,1
use/unstable,1
central,1
fascinating,1
say.perhaps,1
vidoes,1
manageable,1
network.,1
everyone!,1
refreshing.,1
questionnaire,1
'hitters',1
fourth,1
foot,1
campus.the,1
outlines,1
position,1
ups,1
seamless.,1
future.the,1
prospects,1
pulse,1
finger,1
seat',1
'ring,1
yet',1
commentary,1
comprehensive.,1
superb,1
year.,1
thing...,1
minimum!,1
revision,1
"sufficient,",1
execs.,1
study...and,1
timescale,1
pushing,1
weighted,1
papers/info.,1
revise,1
(such,1
exams,1
1.5,1
residential,1
blockchain),1
recently,1
timescale.,1
hand.,1
foundations,1
calibre,1
brilliant,1
enforcement),1
genuine,1
moves,1
wise.,1
spare,1
mins,1
allocate,1
outs,1
"video,",1
fintechs,1
successful,1
operating,1
(rather,1
institutes,1
prestigious,1
empty),1
dream,1
2018?that,1
january,1
debates.,1
planned,1
great!,1
drill,1
classroom,1
definitely,1
effective.i,1
virtually,1
project/idea,1
participants.the,1
"team,i",1
hi,1
throughout.,1
experiences.,1
"weeks,",1
infrastructure.,1
security,1
"guys,",1
laptops,1
timezones.also,1
aside,1
employees,1
guys,1
gmt,1
-5,1
+5,1
finished.,1
luckily,1
"least,",1
synthesising,1
25-35%,1
forum;,1
"""read""",1
"""unread""",1
"misunderstand,",1
"tomayto,'",1
tomato,1
'you,1
song,1
popular,1
box.',1
laterally,1
latter,1
insights.,1
linguistic,1
perceptions,1
influences,1
updated,1
caused,1
arranging,1
above.,1
confusions.,1
"""thanks""",1
topics',1
if?,1
'what,1
discourse,1
tank',1
'think,1
"agree,",1
comment.,1
consensus.,1
compromise,1
conflict;,1
avoidance,1
centred,1
"norms,",1
sociological,1
anthropological,1
(good)2),1
"required,",1
box',1
syllabus,1
"creative,",1
courses,1
"normally,",1
signing,1
achievable,1
"consensus,",1
(affects,1
proposition),1
3),1
stream.points,1
(2),1
arbitrage,1
objectives,1
regarding,1
insuretech,1
recall,1
thanks!,1
valued.,1
(3),1
valuable.francois,1
articles.,1
supporting,1
uncertain,1
relate,1
"underestimated,",1
suited,1
challenges.the,1
'real-world',1
demonstrates,1
-/+,1
"offline,",1
shallow.,1
order,1
logical,1
complelled,1
ways.,1
regular,1
"calls,",1
4am,1
calling,1
peopel,1
value.a,1
field,1
weightage,1
needed.,1
detours,1
"needed,",1
reflecting,1
"own,",1
norm.i,1
"quality,",1
motions.submit,1
demotivated,1
"frustrated,",1
publicising,1
hands.,1
venture.the,1
least.,1
"disruptive,",1
"motivated,",1
time-zones,1
reflect.the,1
inadequate.,1
marked,1
flow.,1
investigation,1
stuck,1
(perhaps),1
divergence.,1
satisfactorily,1
child.,1
newborn,1
work).,1
"application,",1
management/,1
includes,1
theoretical,1
...,1
objective,1
good...,1
robo.,1
dig,1
me!,1
criteria.,1
downloaded,1
consumption,1
holistic,1
approaching,1
adequate,1
outline.,1
posts.,1
opposite:,1
available/visible,1
route,1
"page,",1
ir.,1
quantity,1
catered,1
bottom,1
page.,1
'hello'.,1
notifications,1
versus,1
yes.,1
basics.the,1
"engagement,",1
works.,1
challenging/specific,1
imposed,1
done/included,1
pointers,1
"strictly,",1
nicely,1
fits,1
train,1
engaging,1
opportunities.,1
cohert.,1
"activities,",1
individual/group,1
formal,1
improvement:1),1
seriously,1
lengthy).,1
stored,1
ago,1
localy,1
"example,",1
ahead,1
weeks?,1
smartphone/tablet.,1
employees),1
consumed,1
.but,1
interface,1
expierence.,1
contributes,1
"that,",1
double.apart,1
coursera,1
15,1
full-time.,1
"edx,",1
superior.,1
tutours.,1
interpretation.,1
significant),1
2),1
"random,",1
cohert,1
(sometimes,1
discomfort,1
natural.,1
programme-student,1
one-to-one,1
delivered,1
occasions,1
noticed,1
help.,1
syndrome),1
convoy,1
bilateral,1
slowed,1
relationship,1
cut,1
managed.,1
"real,",1
aligned?,1
internalise,1
arbitrarily,1
frameworks,1
upon,1
completion.,1
clunky,1
mooc,1
udeny,1
udacity.,1
outlier,1
air,1
specialist,1
increasing,1
researching,1
embedded,1
dealing,1
"collaboration,",1
contend,1
"ups,",1
processes/pitches/start,1
analogue,1
belbin,1
jarring.,1
dynamics.,1
contention,1
repeating,1
bounce,1
smooth.,1
conf,1
mortem,1
interaction.,1
often.,1
came,1
reflections,1
appears,1
"again,",1
pace.,1
further.,1
agenda.,1
drives,1
it?),1
(or,1
outcome.,1
closely,1
investment,1
conferences,1
"true,",1
essential.,1
expertise.,1
presentational,1
acting,1
request,1
loads,1
hardest,1
pain,1
gain!,1
gradings,1
averages,1
law,1
guidance.,1
expertise,1
university's,1
tap,1
eliminating,1
relevant.,1
eventual,1
market/,1
fortunate,1
properly.,1
disparate,1
thrown,1
contemplate,1
"general,",1
devote,1
designers.,1
apparent,1
excluding,1
/or,1
debate,1
luxury,1
action,1
member.,1
work?,1
?team,1
"potentially,",1
scaled,1
techniques,1
minimise,1
enrolling,1
advisor,1
narrative,1
voyeuristic,1
debating.,1
"alternatives,",1
unrelated,1
decide,1
wouldn?t,1
haven't.,1
"feb,",1
had.,1
furthermore,1
instead.,1
benchmarking.),1
money.,1
anathema,1
(guidelines,1
derail,1
uneccesary,1
burden.,1
coast,1
sole,1
somebody,1
elsewhere.,1
agreeing,1
twice,1
holding,1
recommending,1
"lines,",1
anyone.,1
tiring.,1
'd,1
"individuals,",1
likeminded,1
rationale,1
absorbs,1
predominantly,1
sifting,1
approaches.,1
balance.,1
audiences,1
start-up-,1
addressed,1
earlier.while,1
buying,1
a),1
.this,1
receptive,1
audience,1
mine,1
constrictive,1
",e.g,",1
targeting,1
humble,1
outcomes,1
detracted,1
answers??,1
survey,1
plans.,1
dissected,1
roadmaps,1
ad,1
pain.,1
that.,1
"platform,",1
entered,1
friends.,1
"""human",1
"like""",1
fitting,1
12-15,1
design.,1
hampered,1
whatever,1
"contribute,",1
goodwill.,1
treat,1
colleague,1
respectful.,1
lived,1
frustrated,1
pulls,1
individuals.,1
approaches,1
phone.,1
conversation,1
tutors.other,1
relative,1
whatsapp,1
confused,1
comprise,1
"long-winded,",1
reduces,1
rushed,1
promise,1
location,1
"extension,",1
characters,1
illness,1
"periods,",1
sorts,1
buffer,1
breathe.,1
catch,1
chip,1
drop,1
tempted,1
"""bounce""",1
truth,1
dynamically,1
scope,1
tease,1
participants.thank,1
welcomed,1
total),1
keen,1
succeed,1
virtual,1
requirements.,1
"commitments,",1
family/social,1
compatible,1
intention.,1
iphone!,1
kyc/aml,1
rigour,1
bank,1
tricky,1
structure.,1
examine,1
task,1
pitched,1
questions.,1
pooling,1
funnelled,1
people.,1
roadmap',1
'technology,1
options,1
exec,1
co-ordinating,1
times.,1
overwhelming,1
area.,1
alongside.,1
"we,",1
...whilst,1
dedication,1
100%,1
failure,1
"scenario,",1
absolutely,1
deadline.,1
rush,1
fascinating!,1
required..,1
knowldge.,1
"if,",1
geographically,1
thorough,1
coverage,1
tips,1
forthcoming,1
pioneers,1
"leaders,",1
invaluable.-,1
now.,1
contents,1
sections.,1
knowldge,1
90s,1
stringent,1
surely,1
archaic.,1
oriented.,1
world.4.,1
organic,1
seemed,1
lessons,1
technology3.,1
candid.,1
archaic,1
doc,1
content.2.,1
engaging.,1
facilities,1
app.,1
"challenging,",1
content!,1
figure,1
"stream,",1
grips,1
lengthy,1
stopped,1
week.the,1
intense!,1
evenly,1
music,1
played,1
tests,1
platforms).,1
official,1
"themselves,",1
unofficial,1
occasion,1
repetition,1
faster,1
tools),1
video.one,1
outstanding.,1
performing,1
"networking,",1
sign,1
again.,1
aim,1
students;,1
thoughts,1
trip,1
developments.,1
depth.it,1
"made,",1
choice.,1
delving,1
visual,1
contain,1
life.,1
stimulate,1
span.,1
contributing,1
regularly,1
4/7,1
perception,1
identified.,1
;there,1
manager,1
avenues,1
hasn?t,1
before.,1
exclusively,1
reporting,1
incumbent,1
weight?,1
?pull,1
organisation.,1
anticipation,1
envisaged,1
"focus,",1
karhula,1
markus,1
"you,",1
one?thank,1
knowledge?,1
specialists,1
programming,1
steps.,1
advising,1
watered-down,1
exercise.,1
possible.i,1
disengaged,1
more?,1
tube.,1
presenters.,1
doing.,1
value.also,1
devise!,1
"anymore,",1
"person,",1
entrepreneur.as,1
startup,1
manage/work,1
possibly,1
however.,1
raise,1
useless.,1
are:1.,1
"conclusion,",1
technology.so,1
deliverables.3.,1
"european,",1
contracts,1
"psd2,",1
gdpr,1
appreciated.,1
hoped,1
chosen.,1
ourselves,1
instead.of,1
satisfaction,1
changes.,1
prepared,1
cass,1
summit,1
month,1
"morghanne,",1
advise,1
josie,1
technologies.i,1
journalist,1
french,1
skills.,1
weighting,1
explained,1
initial,1
stuff-but,1
"""technical""",1
publication!,1
services.,1
considerate,1
courteous,1
"homework,",1
whom,1
discussions.,1
getsmarter.,1
vullkan,1
shrier,1
creators,1
"continents,",1
proof.,1
horizons,1
broadened,1
"challenge,",1
homework,1
"enjoyable,",1
:-),1
signup!,1
highlighted,1
imagined.,1
organised.,1
person.,1
discourteous,1
behave,1
lies,1
enjoyable.,1
honesty,1
modified,1
great.thanks,1
contributors,1
"startup,",1
roundtable,1
1-1,1
agnostic,1
company,1
"best,",1
aspect.,1
delegated,1
organisers,1
missing.,1
identify,1
"students,",1
drilling,1
"impact,",1
why/what/where/when...,1
"asked,",1
necessary,1
"companies,",1
placement,1
properly,1
thoughts.,1
"taught,",1
reliance,1
numerous,1
"unfolds,",1
career,1
shallow,1
"deep,",1
worst,1
m6),1
incorrect,1
errors,1
typos,1
"tweaks,",1
engaged,1
noted,1
"""explore",1
"further""",1
consistency.for,1
remind,1
"system,",1
piece,1
candidate,1
m7.,1
ongoing,1
absent,1
scheme.,1
mates.,1
"discussing,",1
"drafting,",1
(m2),1
revising,1
remaining,1
ideal.,1
ride,1
marks.,1
fee,1
choosing,1
"mark,",1
openly,1
90%+?,1
stating,1
names,1
creates,1
77%.,1
embarrassing,1
"""fantastic""",1
"moreover,",1
vague,1
direct.,1
potentially,1
hostility,1
strategy/marketing,1
finance/,1
standard,1
filled,1
disrupts,1
momentum,1
"surface,",1
anonymous,1
"hovewer,",1
instructors,1
superb.,1
good.keep,1
group.in,1
advertize,1
currently.,1
posibility,1
"use,",1
checking,1
spelling,1
connect,1
colaboration.basic,1
facilitate,1
slack.,1
executed.,1
"which,",1
"i,",1
"schedule,",1
"10,",1
belong,1
peers.,1
"surprise,",1
"found,",1
"alone,",1
"well-organised,",1
high.,1
random.,1
organized,1
benefits.the,1
obtain,1
pity,1
underestimated.,1
"outlook,",1
digest/study,1
facebook.,1
logistically,1
anticipated,1
brief,1
"uk,",1
"spain,",1
dows,1
hk.,1
"furthermore,",1
region,1
region's,1
considered,1
detail.,1
editions.,1
manage.,1
thare,1
assured.,1
exceptional,1
meet-up,1
group).,1
"references,",1
precise...,1
latest,1
confusion.,1
leads,1
description,1
good.negative,1
trend.,1
arrangement.,1
satisfy,1
serious,1
chunks,1
quell,1
worried,1
services,1
woking,1
"discussion,",1
activities.,1
again.thomas,1
hong,1
why.,1
kong,1
summarises,1
ppt,1
reference.,1
stressed,1
ambiguous,1
communicates,1
insight.sometimes,1
"frustrating,",1
markt,1
surrounding,1
disadvantages,1
messaging,1
bombarded,1
dicsussion,1
"speed,",1
team's,1
illustrates,1
extension.,1
flavour,1
wants,1
launch,1
sitting,1
portion,1
regardsdan,1
functional,1
essence,1
apac,1
deliverables,1
"higher-quality,",1
lessons-,1
summary,1
"timezone,",1
"(6pm),",1
cite,1
faculty-,1
developed,1
"(7am),",1
basically,1
specifically:-,1
make.,1
improvmenents,1
"different,",1
teammates.,1
factor,1
cope,1
welcome,1
here.,1
"tell,",1
"direct,",1
apologies,1
generalized,1
strung,1
learners,1
tertiary,1
subject.,1
sophisticated,1
int,1
practitioners,1
space).,1
"personally,",1
"forum,",1
think.,1
"consumer,",1
response.,1
tight.,1
outline,1
"then,",1
"cases,",1
"summaries,",1
"slides,",1
"nature,",1
"implementation,",1
deployment,1
real-world,1
major,1
words.,1
50,1
pared,1
"pointless,",1
turns,1
prohibit,1
"pedantic,",1
it.5.,1
part.,1
"warranted,",1
"zone,",1
emails,1
whatsapp.,1
programmes,1
models.,1
nowadays,1
basic,1
"forces,",1
porter's,1
basics,1
timeframe.,1
skim,1
"week,",1
participate,1
blog,1
forum.,1
tren's,1
nguyen,1
huy,1
cost.,1
unacceptable,1
call.,1
higher-quality,1
unprofessional.,1
music),1
"(cuts,",1
learn.,1
"impossible,",1
dec,1
keeping,1
"learn,",1
both.,1
tell,1
beucase,1
long,1
"yes,",1
"insightful,",1
pitch.,1
"instead,",1
endless,1
analyses,1
pros,1
completed)1.,1
mit/emeritus,1
comparing,1
"reference,",1
(and,1
"thoughts,",1
cons,1
heart.,1
intentions,1
"criticism,",1
yield,1
essential),1
move.having,1
way.,1
grades,1
submission.finally,1
low.,1
considerable,1
"""diversifying""",1
picture,1
"economy,",1
mature,1
(beautiful,1
be),1
cambodia).,1
brazil,1
(we,1
problem,1
increase,1
regional,1
threat,1
presents,1
email/down/upload,1
memory,1
(nearly),1
weight,1
delivering,1
time/data,1
inputs,1
broadcasted,1
qualified,1
study-driven,1
independent,1
longer.,1
primary,1
"deployed,",1
well-developed,1
obviously,1
ammerman,1
you!philip,1
soon.,1
enrol,1
"ends,",1
goal,1
cooperate.,1
discussed.,1
"weekend,",1
range,1
friday,1
rapidly-evolving,1
taxonomy,1
intellectual,1
ambition,1
night.,1
weds,1
thurs,1
"points,",1
apart,1
practical.,1
timing.,1
busiest,1
christmas.,1
releases,1
scheduling,1
evening,1
"courses,",1
schedulingfor,1
"comes,",1
investments.,1
"products,",1
"monday,",1
goods,1
manufactured,1
"thus,",1
excel,1
"convene,",1
positioning,1
"analysing,",1
deck,1
"answers,",1
morning.,1
hoffmann's,1
reid,1
"one,",1
zero,1
thiel's,1
peter,1
"contrast,",1
"friday,",1
clarify,1
"mon,",1
kind,1
tue,1
portfolio,1
industrial,1
ge,1
"is,",1
mad,1
bcg,1
"instance,",1
scramble,1
queries,1
methodologies,1
"intensive,",1
toolsthe,1
strategy?,1
gtm,1
this?,1
opinion.,1
lending.,1
encompassing,1
"topic,",1
record:,1
record.,1
accurate:,1
maximum.,1
"experts,",1
scholars,1
listed,1
courses.,1
strategically,1
outlined,1
immediately,1
"forms,",1
macro,1
ms,1
provided?,1
micro,1
limitation,1
tremendous,1
negative.,1
asks,1
clients.the,1
trust,1
conversantly.,1
"ease,",1
investors,1
initiative,1
manageable.,1
record,1
"""online",1
"campus""",1
rooms,1
"improvements,",1
client?,1
mvp,1
go-to-market,1
algorithms.,1
aml,1
eg,1
"loan,",1
numbering,1
malfunctioning,1
fixing,1
losing,1
glitches.,1
plain,1
important.investors,1
"strategy,",1
competitive,1
"market,",1
compete,1
institutions,1
"exist,",1
competitors,1
10mb,1
everytime.,1
professors/fellow,1
"2.1,",1
assignment:,1
real.,1
refer,1
projectscoordinating,1
saving,1
forget,1
similar.,1
"analysis""",1
forgot,1
"""you",1
"description,",1
accommodate,1
diversity,1
words).,1
500,1
improvement:a),1
add-ons,1
continually,1
ipad,1
feedbacki,1
follow.,1
tutorial,1
biweekly,1
basis.,1
eye-opener,1
programme:,1
grateful,1
arrangement,1
bi-weekly,1
satisfactory.,1
colleagues.,1
difficulties.,1
"professors,",1
conversation',1
'direct,1
hindsight,1
enable,1
albeit,1
bolted,1
prompt,1
relevance,1
companies,1
needing,1
"most,",1
minutes,1
justify,1
intrapreneur,1
"congruent,",1
guest,1
"native,",1
natural,1
sell,1
complimentary,1
application.,1
"expected,",1
re:,1
?the,1
'fintech,1
simultaneously,1
attend,1
programme',1
2018),1
april,1
march,1
(some,1
application,1
demonstrate,1
practice.,1
risk.i,1
net,1
"helpful,",1
strategies,1
systems,1
prevention,1
competition,1
"rampant,",1
trailed,1
risk.,1
behind.,1
'insights',1
allfintech,1
compliment,1
constitute,1
insider,1
going.i,1
perspective,1
encouraged,1
oxford/get,1
smarter,1
view.,1
continents.i,1
widely,1
constraints,1
traveling.,1
enhancer,1
less.,1
invited,1
"notes),",1
(course,1
coursei,1
systems.,1
atleast,1
mots,1
subjects.,1
editions,1
benefited,1
cameroon,1
workgroups,1
course.so,1
closer,1
"cameroon,",1
difference.,1
"experience.curiously,",1
standards,1
university.,1
800,1
plan.,1
mainly,1
told,1
modules...,1
score,1
70%,1
despite,1
evaluation.,1
unclear,1
seems),1
thru,1
upfront.,1
"litterature,",1
mine.,1
8/10,1
varies,1
"partners,",1
lucky,1
tremendously,1
leaving,1
complicated,1
zealand,1
there.,1
west,1
coast.,1
expense,1
"planned,",1
(ex-group,1
work),1
9,1
exposure.,1
modality,1
notwithstanding,1
(p.s.,1
globe!),1
admit,1
undoubtedly,1
energy,1
replicable,1
leveraging,1
alone.,1
(for,1
"do,",1
"meetings),",1
(different,1
"""sell""",1
experts.,1
ideas),1
reviewed,1
(commented,1
lecturers?,1
"(""alumni"")",1
comment);perhaps,1
downloads?2.,1
course?,1
re-watched,1
recordings,1
videos!,1
"submissions,",1
of.,1
study;forums,1
crafting,1
incentivised,1
close,1
father,1
thing.,1
null,1
(could,1
bp's,1
optionality,1
"plan,",1
workload),1
results/feedback,1
realities.,1
accomodate,1
"facility,",1
reverting,1
skype.,1
"forward,",1
upgrade,1
hectic,1
2.0,1
solid,1
"videohowever,",1
systematic,1
noted.,1
book,1
reading.,1
comprehensive,1
7days,1
periods,1
"low,",1
note,1
correspondent,1
report,1
alternative.delay,1
"visible,",1
finalize,1
ok.,1
augmented,1
agile,1
act,1
quickly.,1
friendly.,1
"improve,",1
web-based,1
typing/pasting,1
advantage.,1
hassle,1
work...it,1
gui,1
file).,1
handy,1
"smart,",1
downloads,1
section.overall,1
fulfilling,1
taught,1
walk,1
park,1
"tuition,",1
loving,1
privately.,1
"schedules,",1
non-public,1
specialties,1
"interests,",1
"""mission",1
classmate,1
showing,1
"impossible""",1
"individually,",1
"bp,",1
nice.,1
"such,",1
proprietary,1
"hardest,",1
adaptable,1
flavor,1
others',1
countries.,1
offline,1
be:,1
staff,1
"cohort,",1
ml/,1
ai/,1
involves,1
iterations,1
ethereum,1
altcoin,1
holds,1
furious,1
token/,1
chatbot,1
printed,1
drove,1
participants?,1
writing;,1
overtake,1
tough,1
timelines,1
retooling.,1
load,1
about.?,1
joining,1
boost,1
once.,1
welcome.,1
impacts.,1
version,1
awareness,1
wondering,1
xperience,1
nations.,1
evolution/revolution,1
dropped,1
brought,1
audience.,1
lesson.,1
control,1
"innovations,",1
signs,1
learning:,1
"flexible,",1
delve,1
format/infrastructure.,1
landscape.,1
huge,1
fan,1
questioned,1
grouped,1
(often,1
dollars,1
1000s,1
afford,1
afghanistan,1
13+,1
difference),1
painful.,1
(because,1
drafted,1
committed,1
15.,1
course).the,1
dated.,1
broadly,1
ecosystem.,1
value.,1
unsure,1
technology.,1
currently,1
unlikely,1
stories.2.),1
upfront.the,1
scroll,1
"bottom,",1
"used,",1
"load,",1
sophisticated.,1
"facebook,",1
conversation.,1
1.),1
lump,1
would.,1
exposed,1
follows:the,1
gap,1
followed,1
relating,1
exploration,1
you're,1
g,1
weaknesses,1
highlighting,1
"detailed,",1
2x2),1
sense.feedback,1
address,1
module.only,1
sequentially,1
expected.group,1
revised,1
webinars,1
alerts,1
anyone,1
outlook,1
"internationally,",1
positions.i,1
stressful,1
"meeting,",1
middle,1
frustration,1
awake,1
wake,1
dynamic,1
success-team,1
1am,1
2am,1
attend!!!,1
comparable.,1
"ago,",1
condensed,1
ten,1
oubs,1
problems,1
perfect,1
commitments...and,1
days.,1
meaningful,1
tutors-,1
oriented,1
redesigned)-,1
"organize,",1
examples-,1
se,1
proofs,1
economy.also:,1
(a,1
nurture,1
tech.,1
kinds,1
hurt).,1
thought-off,1
banks,1
"regulation,",1
congratulations,1
apis,1
job!,1
more:,1
repeat,1
video.,1
comfortable,1
speech.,1
instance,1
amd,1
"level.also,",1
remain,1
processes,1
brilliant.but,1
"banking""",1
"""what",1
layperson,1
?will,1
commit,1
guarantee,1
bare,1
time.that,1
"said,",1
european,1
non,1
"further,",1
fantastic.,1
aware,1
wanting,1
time.two,1
preselections,1
line,1
criticisms.,1
stop,1
horrible,1
indexing,1
markets),1
7.7,1
1.2,1
accumulating,1
"""selling""",1
causes,1
mayhem,1
z,1
undergraduate,1
simpler.?and,1
ridiculous.,1
generic,1
accountants,1
item,1
bank-,1
managers.,1
site,1
blocked,1
commonly,1
help???,1
stage,1
inaccessible,1
sites,1
sourced,1
wayof,1
"""owned""",1
program-,1
requisite,1
dedicate,1
"pictures,",1
somehow,1
100+,1
summarized,1
text.,1
profession,1
saves,1
distractions,1
jumping,1
ideal,1
blocks,1
body,1
deadlines),1
blockchainmore,1
"discussions,",1
(within,1
paced,1
downloadable,1
delivers,1
mechanics,1
logistics.,1
projects.,1
differentlynegatives-,1
element,1
sup,1
running,1
provoking,1
skewed,1
western,1
"economies,",1
"""old""",1
men,1
speeches,1
positives-,1
hans,1
cheers,1
experience!,1
extra,1
"examples,",1
though.,1
east,1
see/hear,1
co.,1
news,1
"""younger""",1
capitals,1
invaluable.,1
functionalities,1
integration,1
countries,1
catching,1
invite,1
weekends.,1
free,1
timely.,1
repository.,1
24/7,1
distinction,1
deck.,1
crucial,1
submitted.,1
"clarify,",1
orientation,1
mod5,1
differentiate,1
examples.,1
assumes,1
lag,1
ourselves.,1
fundamental,1
"getsmarter,",1
fixes,1
started.,1
bailed,1
subsequent,1
lame,1
around.,1
email,1
download/upload,1
cumbersome,1
....,1
page,1
differentiated,1
biz,1
substantial,1
memebers,1
lot),1
residing,1
zones...and,1
bc.,1
producing,1
sub,1
par,1
self-study,1
delineation,1
positives,1
enables,1
prospectus.,1
disclose,1
prob,1
balanced,1
se.,1
"future,",1
split,1
marketing,1
"(asia,",1
"us,",1
"australia,",1
uk)in,1
underwhelming,1
"well,",1
relieve,1
smoothed,1
better:1),1
estimations,1
woefully,1
"insights,",1
estimate,1
consequence,1
absorbing,1
it.2.),1
juggling,1
puts,1
people..,1
abilty,1
handicapped.,1
juggle,1
leaders.,1
decline,1
robustness,1
(from,1
meeting.,1
week);,1
lesser,1
town,1
cape,1
"london,",1
"mexico,",1
socialise.,1
questions?,1
dividing,1
sessions;2.,1
increased,1
flesbility,1
week-by-week,1
(reducing,1
feasibility,1
accomplish,1
(due,1
traveling/commitments)).,1
"some,",1
variant,1
span,1
months,1
subscribe,1
focussing,1
distracted,1
couldn?t,1
like:1.,1
experience2.,1
assessing,1
write-ups,1
reinforced,1
videos.3.,1
generationprobably,1
900+,1
desired.,1
contributes.,1
profile,1
expressing,1
excitement,1
"topics,",1
addressing,1
"detail.moreover,",1
detriment,1
substantive,1
as.,1
tem,1
entrepreneurship,1
varied,1
degree.group,1
international,1
disaster,1
wholeheartedly,1
intentioned,1
busy.,1
designing,1
enrolment,1
"filtering),",1
divergent,1
"effective,",1
schedules,1
five,1
cooperate,1
sprint,1
nightmare.,1
conveyed,1
"overwhelmingly,",1
spoken,1
australia.,1
indicated,1
feet,1
adequately,1
finally,1
midnight.,1
"relayed,",1
5am,1
burden,1
"better,",1
programm.,1
slowly,1
density,1
desirable,1
interesting.,1
dull.,1
bankers,1
me.i,1
"site,",1
requested,1
"face,",1
remotely.,1
approved,1
locally,1
team.when,1
group.it,1
e-meet,1
group.on,1
"email,",1
"pace,",1
fast.,1
workplace.,1
guys!,1
format!well,1
fell,1
behind.hopefully,1
implications,1
science,1
economics,1
project.would,1
among,1
stage.i,1
basic.course,1
myself.,1
?finally,1
hurdle.,1
conveners.course,1
literature,1
one?,1
journal,1
assignment.lack,1
morning,1
finishing,1
"sleek,",1
structured.,1
centric,1
times(,1
years),1
cramped,1
admin,1
anyway),1
"manner,",1
daily,1
3rd,1
specific:,1
redundancy,1
declines,1
rely,1
bases),1
cryptocurrencies,1
generate,1
large.,1
analyse,1
critically,1
retain,1
?our,1
idea?,1
benefits,1
ranging,1
broad,1
this).,1
forms,1
revolving,1
timely,1
?business,1
case?,1
concept.,1
what?s,1
drive,1
track?,1
"numerical,",1
qualitative,1
"entrepreneurs,",1
"logistically,",1
"difficult,",1
bases,1
addition,1
agenda,1
compounded,1
distribution,1
sectors,1
"solutions,",1
"mastercard,",1
interviewed,1
"entities,",1
commentaries,1
on:,1
part-time,1
"excitement,",1
"disruption,",1
open-ended,1
wechat,1
crypotcurrencies,1
publically,1
primitive.,1
publicly,1
postgraduate,1
"imd,",1
talked,1
context.,1
proposition,1
selling,1
topic/,1
jump,1
suit,1
"videos),",1
(including,1
world-class,1
flow,1
sales,1
convince,1
boards,1
market-changing,1
duration,1
relatively,1
specific.,1
products..,1
shocked,1
primitive,1
tackle,1
points.,1
"wechat,",1
"ground,",1
samsung,1
"facebookunfortunately,",1
hussein,1
surface.,1
wholly,1
chose.,1
method/broader,1
"interesting,",1
falls,1
'tech',1
with.the,1
somethinf,1
about.,1
missed,1
views.,1
subjective,1
transport,1
"interviewed,",1
persons,1
boring;-,1
linkage,1
great;-,1
materials.the,1
concerning.,1
sweeping,1
assignments.i,1
true/false,1
narrative.,1
subsequently,1
suggestions:don't,1
presenters,1
quiz.,1
obvious,1
inherently,1
false.,1
"""most",1
"presenters.""",1
topics.the,1
true.consider,1
won't,1
pulled-down,1
rewrite,1
worse.i,1
team-based.grades,1
figures,1
"overviews,",1
"studies,",1
weeks.each,1
week.thanks!,1
"profession,",1
"goals,",1
possibilities,1
profit,1
creative,1
ambitions.,1
missing,1
detail.i,1
incredible,1
restructure,1
articulate,1
format!,1
familiar,1
"background,",1
"state,",1
"applied,",1
etc..,1
tutoring,1
folks.,1
"advisors,",1
chat/message/groups.,1
pitching,1
database,1
anatomy,1
startups,1
innovate,1
interests.,1
prospect,1
structured;,1
intersperse,1
quizzes,1
reinforce,1
"process,",1
(of,1
change...),1
out...,1
brief.,1
paragraphs.,1
uncleartherefore,1
76%.,1
described,1
"""superb""",1
tone.,1
lower,1
thanks!!,1
"""start-up""",1
mentality,1
"longer,",1
"(story-telling,",1
studies.,1
narratives,1
"etc.,)",1
readily,1
board,1
(both,1
asset,1
liability,1
receive,1
due.it,1
products),1
disrupted.,1
overlap,1
quicker,1
rubrics,1
beneficial.,1
since.,1
programs,1
size,1
one-on-one,1
objectives.,1
midway,1
professional.,1
"discuss,",1
i?m,1
insufficient,1
ideate,1
"now,",1
one-way,1
dissemination,1
consideration,1
group-discussion,1
pages,1
perspectives,1
harsh,1
intense.,1
(perhaps,1
zones).,1
side.,1
projections,1
student.,1
ill,1
informed,1
applications/technology.,1
assignement...way,1
folks,1
environment,1
singapore,1
interview,1
allowed,1
insight.,1
choose,1
involvement.,1
recognise,1
developers,1
it....apart,1
incorporation,1
justice,1
weeks...so,1
fair.,1
too...over,1
stretched,1
you!,1
mandated,1
think....and,1
urges,1
evaluation...stuff,1
canvas,1
requirement,1
videoconferencesecondly,1
negative,1
externalities,1
laid,1
we've,1
"board,",1
content....but,1
yielded,1
yield.,1
description.,1
"organized,",1
stuff,1
"nice,",1
egos,1
battling,1
english,1
"skills,",1
invariably,1
translates,1
mediocre,1
(hard,1
redo,1
people's,1
express,1
well...),1
eye,1
program...,1
"firstly,",1
digest,1
presentation,1
novice,1
wise,1
contacted,1
lengthier,1
beacause,1
"job,",1
wife,1
"works,",1
kids,1
matter.,1
old.,1
mit,1
conducive,1
awful,1
"fact,",1
passing,1
predicated,1
max,1
"clear,",1
work.either,1
unusual,1
consuming.,1
differences.,1
regions,1
fulltime,1
layout,1
formed,1
contiguous,1
impeccable.,1
compund,1
impressed!,1
continent,1
multi,1
none,1
recent,1
gyan,1
"activity,",1
starting,1
scrape,1
called,1
"""the",1
"contract""",1
contract:,1
agreed,1
strict,1
adhere,1
etc....,1
reside,1
referred,1
keeps,1
"accountable,",1
established,1
advance.,1
"essentially,",1
chat,1
outside,1
accountability,1
tool.,1
intuitive.,1
"automated,",1
difficulty,1
interface/,1
rest.,1
ease,1
"myself,",1
supposed,1
networks.,1
net.,1
trouble,1
laptop,1
(surely,1
fault),1
worksince,1
places,1
to.,1
"slace,",1
etc.i,1
sa?d,1
proper,1
that.so,1
shorter,1
length.,1
determine,1
unorthodox,1
serve,1
diversity;,1
hinders,1
learnings,1
likes:great,1
platformwell,1
thought-out,1
structuregood,1
contentlike,1
mba-style,1
assignmentsdislikes:difficulty,1
(less,1
efficient)some,1
(especially,1
videos),1
lacked,1
onto,1
evaluated,1
"alternatively,",1
lacking.many,1
folk,1
ideally,1
nt,1
recoginze,1
infront,1
them.the,1
accurate.,1
"necessary,",1
effective.,1
"value,",1
prescribe,1
masters,1
referencing,1
ie,1
peer,1
industries.,1
meaning,1
reach,1
reasons:1.,1
valued,1
blend,1
hard-core,1
short-sharp,1
refreshers,1
practice,1
"propositions,",1
strategy;2.,1
crowd-source,1
"latest,",1
cutting,1
fintech;3.,1
"viable,",1
sustainable,1
scalable.in,1
comforting,1
like-minded,1
push,1
inspire,1
continue,1
south,1
folder,1
africa,1
regardsgiselle,1
delayed.,1
track.the,1
"ie,",1
x,1
"x-1.also,",1
next.,1
fintech/business,1
comments:1),1
interacted,1
myself;2),1
feedback/grading,1
detail.great,1
be:1-,1
obligations,1
comply,1
ourside,1
"trips,",1
etc2-,1
involved.,1
altough,1
barrier,1
'business',1
sorted,1
noticeably,1
readings.,1
"easy,",1
designed,1
(big,1
blue,1
button,1
etc).,1
elaborate,1
paired,1
"simple,",1
carefully,1
in-line,1
constructed,1
bunch,1
quizz,1
concise,1
embarrassingly,1
"detail,",1
lesson,1
severe,1
brand,1
"dilution,",1
"luck,j",1
demands,1
brilliant!,1
adult,1
education...,1
role,1
merging,1
"aspects,",1
175,1
45,1
survey:,1
exp,1
